team_id,team_name,team_abbreviation,team_stadium
1,Anderlecht,AND,Stade Constant Vanden Stock
2,Antwerp,ANT,Bosuilstadion
3,Cercle Brugge KSV,CEB,Jan Breydel Stadium
4,Club Brugge,CLB,Jan Breydel Stadium
5,Eupen,EUP,Kehrwegstadion
6,KAA Gent,GNT,Ghelamco Arena
7,KV Kortrijk,KVK,Guldensporenstadion
8,KV Mechelen,KVM,AFAS-stadion Achter de Kazerne
9,KVC Westerlo,WES,Het Kuipje
10,Oud-Heverlee Leuven,OHL,King Power at Den Dreef Stadium
11,Racing Genk,GNK,Luminus Arena
12,Royal Charleroi SC,CHA,Stade du Pays de Charleroi
13,RWDM,RWD,Edmond Machtens Stadium
14,Sint-Truidense,STV,Stayen
15,Standard Liege,STL,Stade Maurice Dufrasne
16,Union St.-Gilloise,USG,Stade Joseph Marien
