team_id,team_name,team_abbreviation,team_stadium
1,América-MG,AMG,Estádio Independência
2,Athletico-PR,CAP,Arena da Baixada
3,Atlético-MG,CAM,Estádio Mineirão
4,Bahia,BAH,Arena Fonte Nova
5,Botafogo,BOT,Estádio Nilton Santos
6,Corinthians,COR,Arena Corinthians
7,Coritiba,CTB,Estádio Couto Pereira
8,Cuiabá,CUI,Arena Pantanal
9,Cruzeiro,CRU,Estádio Mineirão
10,Flamengo,FLA,Estádio do Maracanã
11,Fluminense,FLU,Estádio do Maracanã
12,Fortaleza,FOR,Estádio Castelão
13,Goiás,GOI,Estádio Serrinha
14,Grêmio,GRE,Arena do Grêmio
15,Internacional,INT,Estádio Beira-Rio
16,Palmeiras,PAL,Allianz Parque
17,Red Bull Bragantino,RBB,Estádio Nabi Abi Chedid
18,Santos,SAN,Estádio Urbano Caldeira
19,São Paulo,SAO,Estádio do Morumbi
20,Vasco da Gama,VAS,Estádio São Januário
