team_id,team_name,team_abbreviation,team_stadium
1,Bucaramanga,BUC,Bucaramanga Stadium
2,Independiente Medellín,DIM,Medellín Stadium
3,Rionegro Águilas,RION,Rionegro Stadium
4,Alianza Petrolera,APA,Petrolera Stadium
5,Atlético Nacional,NAL,Nacional Stadium
6,Once Caldas,CAL,Caldas Stadium
7,La Equidad,EQD,Equidad Stadium
8,Deportivo Pasto,PAS,Pasto Stadium
9,Deportes Tolima,TOL,Tolima Stadium
10,Atlético Huila,HUI,Huila Stadium
11,Independiente Santa Fe,SFE,Santa Fe Stadium
12,Jaguares de Córdoba,COR,Córdoba Stadium
13,América de Cali,AME,América Stadium
14,Millonarios,MIL,Millonarios Stadium
15,Deportivo Cali,DCI,Cali Stadium
16,Unión Magdalena,UMA,Magdalena Stadium
17,Atlético Junior,JUN,Junior Stadium
18,Boyacá Chicó,CHI,Chicó Stadium
19,Envigado,ENV,Envigado Stadium
20,Deportivo Pereira,PER,Pereira Stadium
