team_id,team_name,team_abbreviation,team_stadium
1,Baník Ostrava,BO,Městský stadion
2,Bohemians,BH,Dolicek
3,C. Budejovice,CB,Stadion Střelecký ostrov
4,Hradec Králové,HK,Všesportovní stadion
5,Jablonec,JA,Stadion Střelnice
6,Karviná,KA,Městský stadion
7,Mladá Boleslav,MB,Stadion Pod Dubem
8,Pardubice,PA,Eduard Stadion
9,Sigma Olomouc,SO,Andrův stadion
10,Slovácko,SL,Městský stadion Miroslava Valenty
11,Slovan Liberec,SLI,Stadion u Nisy
12,Slavia Praha,SP,Sinobo Stadium
13,Sparta Praha,SPA,Generali Arena
14,Teplice,TE,Na Stínadlech
15,Viktoria Plzeň,VP,Doosan Arena
16,Zlín,ZL,Letná Stadion
