team_id,team_name,team_abbreviation,team_stadium
1,Barnsley,BAR,Oakwell
2,Blackpool,BLA,Bloomfield Road
3,Bolton Wanderers,BOL,University of Bolton Stadium
4,Bristol Rovers,BRI,Memorial Stadium
5,Burton Albion,BUR,Pirelli Stadium
6,Cambridge United,CAM,Abbey Stadium
7,Carlisle United,CAR,Brunton Park
8,Charlton Athletic,CHA,The Valley
9,Cheltenham Town,CHE,Whaddon Road
10,Derby County,DER,Pride Park Stadium
11,Exeter City,EXE,St James Park
12,Fleetwood Town,FLE,Highbury Stadium
13,Leyton Orient,LEY,Breyer Group Stadium
14,Lincoln City,LIN,LNER Stadium
15,Northampton Town,NOR,Sixfields Stadium
16,Oxford United,OXF,Kassam Stadium
17,Peterborough United,PET,Weston Homes Stadium
18,Port Vale,PVL,Vale Park
19,Portsmouth,POR,Fratton Park
20,Reading,REA,Madejski Stadium
21,Shrewsbury Town,SHR,Montgomery Waters Meadow
22,Stevenage,STE,The Lamex Stadium
23,Wigan Athletic,WIG,DW Stadium
24,Wycombe Wanderers,WYC,Adams Park
