team_id,team_name,team_abbreviation,team_stadium
1,Birmingham City,BCFC,St Andrew's Stadium
2,Blackburn Rovers,BRFC,Ewood Park
3,Bristol City,BRC,Ashton Gate Stadium
4,Cardiff City,CCFC,Cardiff City Stadium
5,Coventry City,CCFC,Coventry Building Society Arena
6,Huddersfield Town,HTAFC,John Smith's Stadium
7,Hull City,HCAFC,KCOM Stadium
8,Ipswich Town,ITFC,Portman Road
9,Leeds United,LUFC,Elland Road
10,Leicester City,LCFC,King Power Stadium
11,Middlesbrough,MFC,Riverside Stadium
12,Millwall,MFC,The Den
13,Norwich City,NCFC,Carrow Road
14,Plymouth Argyle,PAFC,Home Park
15,Preston North End,PNE,Deepdale
16,Queens Park Rangers,QPR,Kiyan Prince Foundation Stadium
17,Rotherham United,RUFC,New York Stadium
18,Sheffield Wednesday,SWFC,Hillsborough Stadium
19,Southampton,SFC,St Mary's Stadium
20,Stoke City,SCFC,bet365 Stadium
21,Sunderland,SAFC,Stadium of Light
22,Swansea City,SCFC,Liberty Stadium
23,Watford,Watford,Vicarage Road
24,West Bromwich Albion,WBA,The Hawthorns
