team_id,team_name,team_abbreviation,team_stadium
1,Arsenal,ARS,Emirates Stadium
2,Aston Villa,AVL,Villa Park
3,Bournemouth,BOU,Vitality Stadium
4,Brighton,BHA,Amex Stadium
5,Burnley,BUR,Turf Moor
6,Brentford,BRE,Brentford Community Stadium
7,Chelsea,CHE,Stamford Bridge
8,Crystal Palace,CRY,Selhurst Park
9,Everton,EVE,Goodison Park
10,Fulham,FUL,Craven Cottage
11,Liverpool,LIV,Anfield
12,Luton Town,LUT,Kenilworth Road
13,Manchester City,MCI,Etihad Stadium
14,Manchester United,MUN,Old Trafford
15,Newcastle,NEW,St. James' Park
16,Nottm Forest,FOR,City Ground
17,Sheffield United,SHU,Bramall Lane
18,Totenham,TOT,Tottenham Hotspur Stadium
19,West Ham,WHU,London Stadium
20,Wolves,WOL,Molineux Stadium
