team_id,team_name,team_abbreviation,team_stadium
1,Accrington Stanley,ASFC,Crown Ground
2,AFC Wimbledon,AFCW,Plough Lane
3,Barrow,BAR,Holker Street
4,Bradford City,BRD,Utilita Energy Stadium
5,Colchester United,COL,JobServe Community Stadium
6,Crawley Town,CRAW,The People's Pension Stadium
7,Crewe Alexandra,CRE,Alexandra Stadium
8,Doncaster Rovers,DON,Keepmoat Stadium
9,Forest Green Rovers,FGR,The New Lawn
10,Gillingham,GIL,Priestfield Stadium
11,Grimsby Town,GRT,Blundell Park
12,Harrogate Town,HAR,Wetherby Road
13,Mansfield Town,MAN,One Call Stadium
14,Milton Keynes Dons,MKD,Stadium MK
15,Morecambe,MOR,Globe Arena
16,Newport County AFC,NCAFC,Rodney Parade
17,Notts County,NOT,Meadow Lane
18,Salford City,SAL,Moor Lane
19,Stockport County,STO,Edgeley Park
20,Sutton United,SUT,Gander Green Lane
21,Swindon Town,SWI,The County Ground
22,Tranmere Rovers,TRA,Prenton Park
23,Walsall,WAL,Banks's Stadium
24,Wrexham,WRE,Racecourse Ground
