team_id,team_name,team_abbreviation,team_stadium
1,Brest,BRE,Stade Francis-Le Blé
2,Ciermont Foot,CIE,Stade Gabriel Montpied
3,La Havre,HAV,Stade Océane
4,Lens,LEN,Stade Bollaert-Delelis
5,Lorient,LOR,Stade du Moustoir
6,LOSC,LOS,Stade Pierre-Mauroy
7,Lyon,LYO,Parc Olympique Lyonnais
8,Marseille,MAR,Stade Vélodrome
9,Metz,MET,Stade Saint-Symphorien
10,Monaco,MON,Stade Louis II
11,Montpellier,MON,Stade de la Mosson
12,Nantes,NAN,Stade de la Beaujoire
13,Nice,NIC,Allianz Riviera
14,PSG,PSG,Parc des Princes
15,Reims,REI,Stade Auguste-Delaune
16,Rennes,REN,Roazhon Park
17,Strasbourg,STR,Stade de la Meinau
18,Toulouse,TOU,Stadium de Toulouse
