team_id,team_name,team_abbreviation,team_stadium
1,Augsburg,FCA,WWK Arena
2,Bayer Leverkusen,B04,BayArena
3,Bayern Munich,FCB,Allianz Arena
4,VfL Bochum,BOC,Vonovia Ruhrstadion
5,Borussia Dortmund,BVB,Signal Iduna Park
6,Borussia Mönchengladbach,BMG,Borussia-Park
7,Darmstadt,D98,Merck-Stadion am Böllenfalltor
8,Eintracht Frankfurt,SGE,Deutsche Bank Park
9,FC Köln,KOE,RheinEnergieStadion
10,SC Freiburg,SCF,Schwarzwald-Stadion
11,Heidenheim,FCH,Voith-Arena
12,Hoffenheim,TSG,PreZero Arena
13,Mainz,M05,Opel Arena
14,RB Leipzig,RBL,Red Bull Arena
15,VfB Stuttgart,VFB,Mercedes-Benz Arena
16,Union Berlin,FCU,Stadion An der Alten Försterei
17,Werder Bremen,SVW,Weserstadion
18,Wolfsburg,WOB,Volkswagen Arena
