team_id,team_name,team_abbreviation,team_stadium
1,AEK Athens,AEK,AEK Arena
2,Aris,ARI,Kleanthis Vikelidis Stadium
3,Asteras Tripoli,AST,Theodoros Kolokotronis Stadium
4,Atromitos,ATRO,Peristeri Stadium
5,Kifisia,KIF,Kifisia Municipal Stadium
6,Lamia,LAM,Lamia Municipal Stadium
7,OFI Crete,OFI,Theodoros Vardinogiannis Stadium
8,Olympiakos,OLY,Georgios Karaiskakis Stadium
9,PAOK Salonika,PAOK,Toumba Stadium
10,Panathinaikos,PAO,Olympic Stadium
11,Panetolikos,PAN,Panetolikos Stadium
12,Panserraikos FC,PAN,Serres Municipal Stadium
13,Pas Giannina,PAS,Zosimades Stadium
14,Volos NFC,VOL,Nea Smyrni Stadium
