team_id,team_name,team_abbreviation,team_stadium
1,Ashdod,ASH,Ashdod Municipal Stadium
2,Beitar Jerusalem,BEI,Teddy Stadium
3,Bnei Sakhnin,SAK,Doha Stadium
4,Hapoel Beer Sheva,HBS,Toto Turner Stadium
5,Hapoel Hadera,HHD,Netanya Stadium
6,Hapoel Haifa,HHA,Sammy Ofer Stadium
7,Hapoel Jerusalem,HJL,Teddy Stadium
8,Hapoel Petah Tikva,HPT,HaMoshava Stadium
9,Hapoel Tel Aviv,HTA,Bloomfield Stadium
10,Maccabi Bnei Reineh,MBR,N/A
11,Maccabi Haifa,MHA,Sammy Ofer Stadium
12,Maccabi Netanya,MNE,Netanya Stadium
13,Maccabi Petach Tikva,MPT,HaMoshava Stadium
14,Maccabi Tel Aviv,MTA,Bloomfield Stadium
