team_id,team_name,team_abbreviation,team_stadium
1,AC Milan,ACM,San Siro
2,Atalanta,ATA,Gewiss Stadium
3,Bologna,BOL,Renato Dall'Ara
4,Cagliari,CAG,Sardegna Arena
5,Empoli,EMP,Carlo Castellani
6,Fiorentina,FIO,Stadio Artemio Franchi
7,Frosinone,FRO,Stadio Benito Stirpe
8,Genoa,GEN,Stadio Luigi Ferraris
9,Inter,INT,San Siro
10,Juventus,JUV,Allianz Stadium
11,Lazio,LAZ,Stadio Olimpico
12,Leece,LEE,Stadio Via del Mare
13,Monza,MON,Stadio Brianteo
14,Napoli,NAP,Diego Armando Maradona
15,Roma,ROM,Stadio Olimpico
16,Salernitana,SAL,Stadio Arechi
17,Sassuolo,SAS,Mapei Stadium
18,Torino,TOR,Stadio Olimpico Grande Torino
19,Udinese,UDI,Dacia Arena
20,Verona,VER,Stadio Marc'Antonio Bentegodi
