team_id,team_name,team_abbreviation,team_stadium
1,Guadalajara,GDL,Estadio Akron
2,Monterrey,MTY,Estadio BBVA
3,FC Juarez,JUA,Estadio Olímpico Benito Juárez
4,Pumas UNAM,UNAM,Estadio Olímpico Universitario
5,Tigres UANL,UANL,Estadio Universitario
6,Atlético San Luis,ASL,Estadio Alfonso Lastras
7,Atlas,ATS,Estadio Jalisco
8,Tijuana,TIJ,Estadio Caliente
9,Toluca,TOL,Estadio Nemesio Diez
10,Santos,SAN,Estadio TSM Corona
11,León,LEO,Estadio León
12,América,AME,Estadio Azteca
13,Querétaro,QRO,Estadio Corregidora
14,Necaxa,NEC,Estadio Victoria
15,Mazatlán FC,MAZ,Estadio Mazatlán
16,Pachuca,PAC,Estadio Hidalgo
17,Puebla,PUE,Estadio Cuauhtémoc
18,Cruz Azul,CAZ,Estadio Azteca
