team_id,team_name,team_abbreviation,team_stadium
1,Ajax Amsterdam,AJAX,Johan Cruyff Arena
2,Almere City,ALM,Yanmar Stadion
3,AZ Alkmaar,AZ,AFAS Stadion
4,Excelsior,EXC,Van Donge & De Roo Stadion
5,Feyenoord Rotterdam,FEY,De Kuip
6,Fortuna Sittard,FOR,Fortuna Sittard Stadion
7,Go Ahead Eagles,GAE,De Adelaarshorst
8,FC Twente,TWE,De Grolsch Veste
9,FC Utrecht,UTR,Stadion Galgenwaard
10,FC Volendam,VOL,Kras Stadion
11,Heerenveen,HEE,Abe Lenstra Stadion
12,Heracles Almelo,HER,Erve Asito
13,NEC Nijmegen,NEC,Stadion de Goffert
14,PEC Zwolle,ZWO,MAC³PARK Stadion
15,PSV Eindhoven,PSV,Philips Stadion
16,RKC Waalwijk,RKC,Mandemakers Stadion
17,Sparta Rotterdam,SPA,Sparta Stadion Het Kasteel
18,Vitesse,VIT,Stadion GelreDome
