team_id,team_name,team_abbreviation,team_stadium
1,Arouca,ARO,Estádio Municipal de Arouca
2,Benfica,BEN,Estádio da Luz
3,Boavista,BOA,Estádio do Bessa
4,Braga,BRA,Estádio Municipal de Braga
5,Casa Pia,CAS,Estádio Pina Manique
6,Estoril,EST,Estádio António Coimbra da Mota
7,Estrela,ESTR,Estádio José Gomes
8,FC Famalicão,FAM,Estádio Municipal 22 de Junho
9,FC Porto,FCP,Estádio do Dragão
10,GD Chaves,CHA,Estádio Municipal Eng. Manuel Branco Teixeira
11,Gil Vicente,GIL,Estádio Cidade de Barcelos
12,Guimarães,GUI,Estádio D. Afonso Henriques
13,Moreirense,MOR,Parque Desportivo Comendador Joaquim de Almeida Freitas
14,Portimonense,POR,Estádio Municipal de Portimão
15,Rio Ave,RAV,Estádio dos Arcos
16,SC Farense,FAR,Estádio de São Luís
17,Sporting CP,SCP,Estádio José Alvalade
18,Vizela,VIZ,Estádio do Futebol Clube de Vizela
