team_id,team_name,team_abbreviation,team_stadium
1,Deportivo Alavés,ALA,Estadio de Mendizorroza
2,UD Almería,ALM,Estadio de los Juegos Mediterráneos
3,Athletic Bilbao,ATH,San Mamés Stadium
4,Atlético Madrid,ATM,Wanda Metropolitano
5,FC Barcelona,BAR,Camp Nou
6,Cádiz CF,CAD,Estadio Ramón de Carranza
7,Celta Vigo,CEL,Abanca-Balaídos
8,Getafe CF,GET,Coliseum Alfonso Pérez
9,Girona FC,GIR,Estadi Montilivi
10,Granada CF,GRA,Nuevo Los Cármenes
11,UD Las Palmas,PAL,Estadio de Gran Canaria
12,CA Osasuna,OSA,Estadio El Sadar
13,Rayo Vallecano,RAY,Estadio de Vallecas
14,Real Betis,BET,Estadio Benito Villamarín
15,Real Madrid,RMA,Santiago Bernabéu
16,RCD Mallorca,MAL,Estadi de Son Moix
17,Real Sociedad,RSO,Reale Arena
18,Sevilla FC,SEV,Estadio Ramón Sánchez Pizjuán
19,Valencia CF,VAL,Estadio de Mestalla
20,Villarreal CF,VIL,Estadio de la Cerámica
