team_id,team_name,team_abbreviation,team_stadium
1,AIK,AIK,Friends Arena
2,BK Häcken,BKH,Bravida Arena
3,Djurgårdens IF,DIF,Tele2 Arena
4,Elfsborg,ELS,Borås Arena
5,GIF Sundsvall,SUN,NP3 Arena
6,Hammarby IF,HAM,Tele2 Arena
7,Helsingborgs IF,HEL,Olympia
8,IFK Göteborg,IFK,Gamla Ullevi
9,IFK Norrköping,NOR,Östgötaporten
10,IK Sirius,SIR,Studenternas IP
11,Kalmar FF,KAL,Guldfågeln Arena
12,Malmö FF,MAL,Eleda Stadion
13,Mjällby AIF,MJA,Strandvallen
14,Örebro SK,ÖRE,Behrn Arena
15,Varbergs BoIS,VAR,Varberg Energi Arena
16,Östersunds FK,ÖFK,Jämtkraft Arena
