team_id,team_name,team_abbreviation,team_stadium
1,Adana Demirspor,ADS,5 Ocak Stadium
2,Alanyaspor,ALN,Bahçeşehir Okulları Stadium
3,Ankaragücü,ANK,Eryaman Stadium
4,Antalyaspor,ANT,Antalya Stadium
5,Başakşehir,BAŞ,Başakşehir Fatih Terim Stadium
6,Beşiktaş,BJK,Vodafone Park
7,Fenerbahçe,FB,Şükrü Saracoğlu Stadium
8,Galatasaray,GS,Türk Telekom Stadium
9,Gaziantep,GAZ,Gaziantep Stadium
10,Hatayspor,HTY,Antakya Atatürk Stadium
11,Istanbulspor AŞ,IST,Necmi Kadıoğlu Stadium
12,Kayserispor,KYS,Kadir Has Stadium
13,Kasımpaşa,KAS,Recep Tayyip Erdoğan Stadium
14,Karagümrük,KGM,Atatürk Olympic Stadium
15,Konyaspor,KON,Konya Büyükşehir Stadium
16,Pendikspor,PEN,Pendik Stadium
17,Rizespor,RIZ,Çaykur Didi Stadium
18,Samsunspor,SAM,Samsun Stadium
19,Sivasspor,SIV,Yeni Sivas 4 Eylül Stadium
20,Trabzonspor,TRA,Medical Park Stadium
