team_id,team_name,team_abbreviation,team_stadium
1,Arizona Diamondbacks,ARI,Chase Field
2,Atlanta Braves,ATL,Truist Park
3,Baltimore Orioles,BAL,Oriole Park at Camden Yards
4,Boston Red Sox,BOS,Fenway Park
5,Chicago White Sox,CWS,Guaranteed Rate Field
6,Chicago Cubs,CHC,Wrigley Field
7,Cincinnati Reds,CIN,Great American Ball Park
8,Cleveland Guardians,CLE,Progressive Field
9,Colorado Rockies,COL,Coors Field
10,Detroit Tigers,DET,Comerica Park
11,Houston Astros,HOU,Minute Maid Park
12,Kansas City Royals,KC,Kauffman Stadium
13,Los Angeles Angels,LAA,Angel Stadium
14,Los Angeles Dodgers,LAD,Dodger Stadium
15,Miami Marlins,MIA,loanDepot park
16,Milwaukee Brewers,MIL,American Family Field
17,Minnesota Twins,MIN,Target Field
18,New York Yankees,NYY,Yankee Stadium
19,New York Mets,NYM,Citi Field
20,Oakland Athletics,OAK,RingCentral Coliseum
21,Philadelphia Phillies,PHI,Citizens Bank Park
22,Pittsburgh Pirates,PIT,PNC Park
23,San Diego Padres,SD,Petco Park
24,San Francisco Giants,SF,Oracle Park
25,Seattle Mariners,SEA,T-Mobile Park
26,St. Louis Cardinals,STL,Busch Stadium
27,Tampa Bay Rays,TB,Tropicana Field
28,Texas Rangers,TEX,Globe Life Field
29,Toronto Blue Jays,TOR,Rogers Centre
30,Washington Nationals,WSH,Nationals Park
