team_id,team_name,team_abbreviation,team_stadium
1,Atlanta Hawks,ATL,State Farm Arena
2,Boston Celtics,BOS,TD Garden
3,Brooklyn Nets,BKN,Barclays Center
4,Charlotte Hornets,CHA,Spectrum Center
5,Chicago Bulls,CHI,United Center
6,Cleveland Cavaliers,CLE,Rocket Mortgage FieldHouse
7,Dallas Mavericks,DAL,American Airlines Center
8,Denver Nuggets,DEN,Ball Arena
9,Detroit Pistons,DET,Little Caesars Arena
10,Golden State Warriors,GSW,Chase Center
11,Houston Rockets,HOU,Toyota Center
12,Indiana Pacers,IND,Bankers Life Fieldhouse
13,LA Clippers,LAC,Crypto.com Arena
14,Los Angeles Lakers,LAL,Crypto.com Arena
15,Memphis Grizzlies,MEM,FedExForum
16,Miami Heat,MIA,FTX Arena
17,Milwaukee Bucks,MIL,Fiserv Forum
18,Minnesota Timberwolves,MIN,Target Center
19,New Orleans Pelicans,NOP,Smoothie King Center
20,New York Knicks,NYK,Madison Square Garden
21,Oklahoma City Thunder,OKC,Paycom Center
22,Orlando Magic,ORL,Amway Center
23,Philadelphia 76ers,PHI,Wells Fargo Center
24,Phoenix Suns,PHX,Footprint Center
25,Portland Trail Blazers,POR,Moda Center
26,Sacramento Kings,SAC,Golden 1 Center
27,San Antonio Spurs,SAS,AT&T Center
28,Toronto Raptors,TOR,Scotiabank Arena
29,Utah Jazz,UTA,Vivint Arena
30,Washington Wizards,WAS,Capital One Arena
