team_id,team_name,team_abbr,team_division
1,Boston Bruins,BOS,ATLANTIC
2,Toronto Maple Leafs,TOR,ATLANTIC
3,Tampa Bay Lightning,TB,ATLANTIC
4,Florida Panthers,FLA,ATLANTIC
5,Buffalo Sabres,BUF,ATLANTIC
6,Ottawa Senators,OTT,ATLANTIC
7,Detroit Red Wings,DET,ATLANTIC
8,Montreal Canadiens,MTL,ATLANTIC
9,Carolina Hurricanes,CAR,METROPOLITAN
10,New Jersey Devils,NJ,METROPOLITAN
11,New York Rangers,NYR,METROPOLITAN
12,New York Islanders,NYI,METROPOLITAN
13,Pittsburgh Penguins,PIT,METROPOLITAN
14,Washington Capitals,WSH,METROPOLITAN
15,Philadelphia Flyers,PHI,METROPOLITAN
16,Columbus Blue Jackets,CBJ,METROPOLITAN
17,Colorado Avalanche,COL,CENTRAL
18,Dallas Stars,DAL,CENTRAL
19,Minnesota Wild,MIN,CENTRAL
20,Winnipeg Jets,WPG,CENTRAL
21,Nashville Predators,NSH,CENTRAL
22,St. Louis Blues,STL,CENTRAL
23,Arizona Coyotes,ARI,CENTRAL
24,Chicago Blackhawks,CHI,CENTRAL
25,Vegas Golden Knights,VGK,PACIFIC
26,Edmonton Oilers,EDM,PACIFIC
27,Los Angeles Kings,LA,PACIFIC
28,Seattle Kraken,SEA,PACIFIC
29,Calgary Flames,CGY,PACIFIC
30,Vancouver Canucks,VAN,PACIFIC
31,San Jose Sharks,SJ,PACIFIC
32,Anaheim Ducks,ANA,PACIFIC
