team_id,team_name,team_location,team_abbreviation,team_stadium
1,Cardinals,Arizona,ARI,State Farm Stadium
2,Falcons,Atlanta,ATL,Mercedes-Benz Stadium
3,Ravens,Baltimore,BAL,M&T Bank Stadium
4,Bills,Buffalo,BUF,Highmark Stadium
5,Panthers,Carolina,CAR,Bank of America Stadium
6,Bears,Chicago,CHI,Soldier Field
7,Bengals,Cincinnati,CIN,Paul Brown Stadium
8,Browns,Cleveland,CLE,FirstEnergy Stadium
9,Cowboys,Dallas,DAL,AT&T Stadium
10,Broncos,Denver,DEN,Empower Field at Mile High
11,Lions,Detroit,DET,Ford Field
12,Packers,Green Bay,GB,Lambeau Field
13,Texans,Houston,HOU,NRG Stadium
14,Colts,Indianapolis,IND,Lucas Oil Stadium
15,Jaguars,Jacksonville,JAX,TIAA Bank Field
16,Chiefs,Kansas City,KC,GEHA Field at Arrowhead Stadium
17,Raiders,Las Vegas,LV,Allegiant Stadium
18,Chargers,Los Angeles,LAC,SoFi Stadium
19,Rams,Los Angeles,LA,SoFi Stadium
20,Dolphins,Miami,MIA,Hard Rock Stadium
21,Vikings,Minnesota,MIN,U.S. Bank Stadium
22,Patriots,New England,NE,Gillette Stadium
23,Saints,New Orleans,NO,Caesars Superdome
24,Giants,New York,NYG,MetLife Stadium
25,Jets,New York,NYJ,MetLife Stadium
26,Eagles,Philadelphia,PHI,Lincoln Financial Field
27,Steelers,Pittsburgh,PIT,Heinz Field
28,49ers,San Francisco,SF,Levi's Stadium
29,Seahawks,Seattle,SEA,Lumen Field
30,Buccaneers,Tampa Bay,TB,Raymond James Stadium
31,Titans,Tennessee,TEN,Nissan Stadium
32,Commanders,Washington,WAS,FedExField
