team_id,team_name,team_abbreviation,team_stadium
1,Atlanta United FC,ATL,Mercedes-Benz Stadium
2,Austin FC,ATX,Q2 Stadium
3,Chicago Fire FC,CHI,Soldier Field
4,Colorado Rapids,COL,DICK'S Sporting Goods Park
5,Columbus Crew,CLB,Lower.com Field
6,D.C. United,DC,Audi Field
7,FC Cincinnati,CIN,TQL Stadium
8,FC Dallas,DAL,Toyota Stadium
9,Houston Dynamo,HOU,BBVA Stadium
10,Inter Miami CF,MIA,DRV PNK Stadium
11,Los Angeles FC,LAFC,Banc of California Stadium
12,Los Angeles Galaxy,LAG,Dignity Health Sports Park
13,Minnesota United FC,MIN,Allianz Field
14,Montreal Impact,MTL,Saputo Stadium
15,Nashville SC,NSH,Nissan Stadium
16,New England Revolution,NE,Gillette Stadium
17,New York City FC,NYCFC,Yankee Stadium
18,New York Red Bulls,NYRB,Red Bull Arena
19,Orlando City SC,ORL,Exploria Stadium
20,Philadelphia Union,PHI,Subaru Park
21,Portland Timbers,POR,Providence Park
22,Real Salt Lake,RSL,Rio Tinto Stadium
23,San Jose Earthquakes,SJ,PayPal Park
24,Seattle Sounders FC,SEA,Lumen Field
25,Sporting Kansas City,SKC,Children's Mercy Park
26,Toronto FC,TOR,BMO Field
27,Vancouver Whitecaps FC,VAN,BC Place
