[
  {
      "team_id": 1,
      "team_name": "Birmingham City",
      "team_abbreviation": "BCFC",
      "team_stadium": "St Andrew's Stadium"
  },
  {
      "team_id": 2,
      "team_name": "Blackburn Rovers",
      "team_abbreviation": "BRFC",
      "team_stadium": "Ewood Park"
  },
  {
      "team_id": 3,
      "team_name": "Bristol City",
      "team_abbreviation": "BRC",
      "team_stadium": "Ashton Gate Stadium"
  },
  {
      "team_id": 4,
      "team_name": "Cardiff City",
      "team_abbreviation": "CCFC",
      "team_stadium": "Cardiff City Stadium"
  },
  {
      "team_id": 5,
      "team_name": "Coventry City",
      "team_abbreviation": "CCFC",
      "team_stadium": "Coventry Building Society Arena"
  },
  {
      "team_id": 6,
      "team_name": "Huddersfield Town",
      "team_abbreviation": "HTAFC",
      "team_stadium": "John Smith's Stadium"
  },
  {
      "team_id": 7,
      "team_name": "Hull City",
      "team_abbreviation": "HCAFC",
      "team_stadium": "KCOM Stadium"
  },
  {
      "team_id": 8,
      "team_name": "Ipswich Town",
      "team_abbreviation": "ITFC",
      "team_stadium": "Portman Road"
  },
  {
      "team_id": 9,
      "team_name": "Leeds United",
      "team_abbreviation": "LUFC",
      "team_stadium": "Elland Road"
  },
  {
      "team_id": 10,
      "team_name": "Leicester City",
      "team_abbreviation": "LCFC",
      "team_stadium": "King Power Stadium"
  },
  {
      "team_id": 11,
      "team_name": "Middlesbrough",
      "team_abbreviation": "MFC",
      "team_stadium": "Riverside Stadium"
  },
  {
      "team_id": 12,
      "team_name": "Millwall",
      "team_abbreviation": "MFC",
      "team_stadium": "The Den"
  },
  {
      "team_id": 13,
      "team_name": "Norwich City",
      "team_abbreviation": "NCFC",
      "team_stadium": "Carrow Road"
  },
  {
      "team_id": 14,
      "team_name": "Plymouth Argyle",
      "team_abbreviation": "PAFC",
      "team_stadium": "Home Park"
  },
  {
      "team_id": 15,
      "team_name": "Preston North End",
      "team_abbreviation": "PNE",
      "team_stadium": "Deepdale"
  },
  {
      "team_id": 16,
      "team_name": "Queens Park Rangers",
      "team_abbreviation": "QPR",
      "team_stadium": "Kiyan Prince Foundation Stadium"
  },
  {
      "team_id": 17,
      "team_name": "Rotherham United",
      "team_abbreviation": "RUFC",
      "team_stadium": "New York Stadium"
  },
  {
      "team_id": 18,
      "team_name": "Sheffield Wednesday",
      "team_abbreviation": "SWFC",
      "team_stadium": "Hillsborough Stadium"
  },
  {
      "team_id": 19,
      "team_name": "Southampton",
      "team_abbreviation": "SFC",
      "team_stadium": "St Mary's Stadium"
  },
  {
      "team_id": 20,
      "team_name": "Stoke City",
      "team_abbreviation": "SCFC",
      "team_stadium": "bet365 Stadium"
  },
  {
      "team_id": 21,
      "team_name": "Sunderland",
      "team_abbreviation": "SAFC",
      "team_stadium": "Stadium of Light"
  },
  {
      "team_id": 22,
      "team_name": "Swansea City",
      "team_abbreviation": "SCFC",
      "team_stadium": "Liberty Stadium"
  },
  {
      "team_id": 23,
      "team_name": "Watford",
      "team_abbreviation": "Watford",
      "team_stadium": "Vicarage Road"
  },
  {
      "team_id": 24,
      "team_name": "West Bromwich Albion",
      "team_abbreviation": "WBA",
      "team_stadium": "The Hawthorns"
  }
]