[
  {
    "team_id": 1,
    "team_name": "AEK Athens",
    "team_abbreviation": "AEK",
    "team_stadium": "AEK Arena"
  },
  {
    "team_id": 2,
    "team_name": "Aris",
    "team_abbreviation": "ARI",
    "team_stadium": "Kleanthis Vikelidis Stadium"
  },
  {
    "team_id": 3,
    "team_name": "Asteras Tripoli",
    "team_abbreviation": "AST",
    "team_stadium": "Theodoros Kolokotronis Stadium"
  },
  {
    "team_id": 4,
    "team_name": "Atromitos",
    "team_abbreviation": "ATRO",
    "team_stadium": "Peristeri Stadium"
  },
  {
    "team_id": 5,
    "team_name": "Kifisia",
    "team_abbreviation": "KIF",
    "team_stadium": "Kifisia Municipal Stadium"
  },
  {
    "team_id": 6,
    "team_name": "Lamia",
    "team_abbreviation": "LAM",
    "team_stadium": "Lamia Municipal Stadium"
  },
  {
    "team_id": 7,
    "team_name": "OFI Crete",
    "team_abbreviation": "OFI",
    "team_stadium": "Theodoros Vardinogiannis Stadium"
  },
  {
    "team_id": 8,
    "team_name": "Olympiakos",
    "team_abbreviation": "OLY",
    "team_stadium": "Georgios Karaiskakis Stadium"
  },
  {
    "team_id": 9,
    "team_name": "PAOK Salonika",
    "team_abbreviation": "PAOK",
    "team_stadium": "Toumba Stadium"
  },
  {
    "team_id": 10,
    "team_name": "Panathinaikos",
    "team_abbreviation": "PAO",
    "team_stadium": "Olympic Stadium"
  },
  {
    "team_id": 11,
    "team_name": "Panetolikos",
    "team_abbreviation": "PAN",
    "team_stadium": "Panetolikos Stadium"
  },
  {
    "team_id": 12,
    "team_name": "Panserraikos FC",
    "team_abbreviation": "PAN",
    "team_stadium": "Serres Municipal Stadium"
  },
  {
    "team_id": 13,
    "team_name": "Pas Giannina",
    "team_abbreviation": "PAS",
    "team_stadium": "Zosimades Stadium"
  },
  {
    "team_id": 14,
    "team_name": "Volos NFC",
    "team_abbreviation": "VOL",
    "team_stadium": "Nea Smyrni Stadium"
  }
]