[
    {
      "team_id": 1,
      "team_name": "Aberdeen",
      "team_abbreviation": "ABD",
      "team_stadium": "Pittodrie Stadium"
    },
    {
      "team_id": 2,
      "team_name": "Celtic",
      "team_abbreviation": "CEL",
      "team_stadium": "Celtic Park"
    },
    {
      "team_id": 3,
      "team_name": "Dundee",
      "team_abbreviation": "DUN",
      "team_stadium": "Dens Park"
    },
    {
      "team_id": 4,
      "team_name": "Hearts",
      "team_abbreviation": "HEA",
      "team_stadium": "Tynecastle Park"
    },
    {
      "team_id": 5,
      "team_name": "Hibernian",
      "team_abbreviation": "HIB",
      "team_stadium": "Easter Road"
    },
    {
      "team_id": 6,
      "team_name": "Kilmarnock",
      "team_abbreviation": "KIL",
      "team_stadium": "Rugby Park"
    },
    {
      "team_id": 7,
      "team_name": "Livingston",
      "team_abbreviation": "LIV",
      "team_stadium": "Tony Macaroni Arena"
    },
    {
      "team_id": 8,
      "team_name": "Motherwell",
      "team_abbreviation": "MOT",
      "team_stadium": "Fir Park"
    },
    {
      "team_id": 9,
      "team_name": "Rangers",
      "team_abbreviation": "RAN",
      "team_stadium": "Ibrox Stadium"
    },
    {
      "team_id": 10,
      "team_name": "Ross County",
      "team_abbreviation": "ROS",
      "team_stadium": "Global Energy Stadium"
    },
    {
      "team_id": 11,
      "team_name": "St. Johnstone",
      "team_abbreviation": "STJ",
      "team_stadium": "McDiarmid Park"
    },
    {
      "team_id": 12,
      "team_name": "St. Mirren",
      "team_abbreviation": "STM",
      "team_stadium": "Simple Digital Arena"
    }
  ]