[
  {
      "team_id": 1,
      "team_name": "Deportivo Alavés",
      "team_abbreviation": "ALA",
      "team_stadium": "Estadio de Mendizorroza"
  },
  {
      "team_id": 2,
      "team_name": "UD Almería",
      "team_abbreviation": "ALM",
      "team_stadium": "Estadio de los Juegos Mediterráneos"
  },
  {
      "team_id": 3,
      "team_name": "Athletic Bilbao",
      "team_abbreviation": "ATH",
      "team_stadium": "San Mamés Stadium"
  },
  {
      "team_id": 4,
      "team_name": "Atlético Madrid",
      "team_abbreviation": "ATM",
      "team_stadium": "Wanda Metropolitano"
  },
  {
      "team_id": 5,
      "team_name": "FC Barcelona",
      "team_abbreviation": "BAR",
      "team_stadium": "Camp Nou"
  },
  {
      "team_id": 6,
      "team_name": "Cádiz CF",
      "team_abbreviation": "CAD",
      "team_stadium": "Estadio Ramón de Carranza"
  },
  {
      "team_id": 7,
      "team_name": "Celta Vigo",
      "team_abbreviation": "CEL",
      "team_stadium": "Abanca-Balaídos"
  },
  {
      "team_id": 8,
      "team_name": "Getafe CF",
      "team_abbreviation": "GET",
      "team_stadium": "Coliseum Alfonso Pérez"
  },
  {
      "team_id": 9,
      "team_name": "Girona FC",
      "team_abbreviation": "GIR",
      "team_stadium": "Estadi Montilivi"
  },
  {
      "team_id": 10,
      "team_name": "Granada CF",
      "team_abbreviation": "GRA",
      "team_stadium": "Nuevo Los Cármenes"
  },
  {
      "team_id": 11,
      "team_name": "UD Las Palmas",
      "team_abbreviation": "PAL",
      "team_stadium": "Estadio de Gran Canaria"
  },
  {
      "team_id": 12,
      "team_name": "CA Osasuna",
      "team_abbreviation": "OSA",
      "team_stadium": "Estadio El Sadar"
  },
  {
      "team_id": 13,
      "team_name": "Rayo Vallecano",
      "team_abbreviation": "RAY",
      "team_stadium": "Estadio de Vallecas"
  },
  {
      "team_id": 14,
      "team_name": "Real Betis",
      "team_abbreviation": "BET",
      "team_stadium": "Estadio Benito Villamarín"
  },
  {
      "team_id": 15,
      "team_name": "Real Madrid",
      "team_abbreviation": "RMA",
      "team_stadium": "Santiago Bernabéu"
  },
  {
      "team_id": 16,
      "team_name": "RCD Mallorca",
      "team_abbreviation": "MAL",
      "team_stadium": "Estadi de Son Moix"
  },
  {
      "team_id": 17,
      "team_name": "Real Sociedad",
      "team_abbreviation": "RSO",
      "team_stadium": "Reale Arena"
  },
  {
      "team_id": 18,
      "team_name": "Sevilla FC",
      "team_abbreviation": "SEV",
      "team_stadium": "Estadio Ramón Sánchez Pizjuán"
  },
  {
      "team_id": 19,
      "team_name": "Valencia CF",
      "team_abbreviation": "VAL",
      "team_stadium": "Estadio de Mestalla"
  },
  {
      "team_id": 20,
      "team_name": "Villarreal CF",
      "team_abbreviation": "VIL",
      "team_stadium": "Estadio de la Cerámica"
  }
]