[
    {
      "team_id": 1,
      "team_name": "Cardinals",
      "team_location": "Arizona",
      "team_abbreviation": "ARI",
      "team_stadium": "State Farm Stadium"
    },
    {
      "team_id": 2,
      "team_name": "Falcons",
      "team_location": "Atlanta",
      "team_abbreviation": "ATL",
      "team_stadium": "Mercedes-Benz Stadium"
    },
    {
      "team_id": 3,
      "team_name": "Ravens",
      "team_location": "Baltimore",
      "team_abbreviation": "BAL",
      "team_stadium": "M&T Bank Stadium"
    },
    {
      "team_id": 4,
      "team_name": "Bills",
      "team_location": "Buffalo",
      "team_abbreviation": "BUF",
      "team_stadium": "Highmark Stadium"
    },
    {
      "team_id": 5,
      "team_name": "Panthers",
      "team_location": "Carolina",
      "team_abbreviation": "CAR",
      "team_stadium": "Bank of America Stadium"
    },
    {
      "team_id": 6,
      "team_name": "Bears",
      "team_location": "Chicago",
      "team_abbreviation": "CHI",
      "team_stadium": "Soldier Field"
    },
    {
      "team_id": 7,
      "team_name": "Bengals",
      "team_location": "Cincinnati",
      "team_abbreviation": "CIN",
      "team_stadium": "Paul Brown Stadium"
    },
    {
      "team_id": 8,
      "team_name": "Browns",
      "team_location": "Cleveland",
      "team_abbreviation": "CLE",
      "team_stadium": "FirstEnergy Stadium"
    },
    {
      "team_id": 9,
      "team_name": "Cowboys",
      "team_location": "Dallas",
      "team_abbreviation": "DAL",
      "team_stadium": "AT&T Stadium"
    },
    {
      "team_id": 10,
      "team_name": "Broncos",
      "team_location": "Denver",
      "team_abbreviation": "DEN",
      "team_stadium": "Empower Field at Mile High"
    },
    {
      "team_id": 11,
      "team_name": "Lions",
      "team_location": "Detroit",
      "team_abbreviation": "DET",
      "team_stadium": "Ford Field"
    },
    {
      "team_id": 12,
      "team_name": "Packers",
      "team_location": "Green Bay",
      "team_abbreviation": "GB",
      "team_stadium": "Lambeau Field"
    },
    {
      "team_id": 13,
      "team_name": "Texans",
      "team_location": "Houston",
      "team_abbreviation": "HOU",
      "team_stadium": "NRG Stadium"
    },
    {
      "team_id": 14,
      "team_name": "Colts",
      "team_location": "Indianapolis",
      "team_abbreviation": "IND",
      "team_stadium": "Lucas Oil Stadium"
    },
    {
      "team_id": 15,
      "team_name": "Jaguars",
      "team_location": "Jacksonville",
      "team_abbreviation": "JAX",
      "team_stadium": "TIAA Bank Field"
    },
    {
      "team_id": 16,
      "team_name": "Chiefs",
      "team_location": "Kansas City",
      "team_abbreviation": "KC",
      "team_stadium": "GEHA Field at Arrowhead Stadium"
    },
    {
      "team_id": 17,
      "team_name": "Raiders",
      "team_location": "Las Vegas",
      "team_abbreviation": "LV",
      "team_stadium": "Allegiant Stadium"
    },
    {
      "team_id": 18,
      "team_name": "Chargers",
      "team_location": "Los Angeles",
      "team_abbreviation": "LAC",
      "team_stadium": "SoFi Stadium"
    },
    {
      "team_id": 19,
      "team_name": "Rams",
      "team_location": "Los Angeles",
      "team_abbreviation": "LA",
      "team_stadium": "SoFi Stadium"
    },
    {
      "team_id": 20,
      "team_name": "Dolphins",
      "team_location": "Miami",
      "team_abbreviation": "MIA",
      "team_stadium": "Hard Rock Stadium"
    },
    {
      "team_id": 21,
      "team_name": "Vikings",
      "team_location": "Minnesota",
      "team_abbreviation": "MIN",
      "team_stadium": "U.S. Bank Stadium"
    },
    {
      "team_id": 22,
      "team_name": "Patriots",
      "team_location": "New England",
      "team_abbreviation": "NE",
      "team_stadium": "Gillette Stadium"
    },
    {
      "team_id": 23,
      "team_name": "Saints",
      "team_location": "New Orleans",
      "team_abbreviation": "NO",
      "team_stadium": "Caesars Superdome"
    },
    {
      "team_id": 24,
      "team_name": "Giants",
      "team_location": "New York",
      "team_abbreviation": "NYG",
      "team_stadium": "MetLife Stadium"
    },
    {
      "team_id": 25,
      "team_name": "Jets",
      "team_location": "New York",
      "team_abbreviation": "NYJ",
      "team_stadium": "MetLife Stadium"
    },
    {
      "team_id": 26,
      "team_name": "Eagles",
      "team_location": "Philadelphia",
      "team_abbreviation": "PHI",
      "team_stadium": "Lincoln Financial Field"
    },
    {
      "team_id": 27,
      "team_name": "Steelers",
      "team_location": "Pittsburgh",
      "team_abbreviation": "PIT",
      "team_stadium": "Heinz Field"
    },
    {
      "team_id": 28,
      "team_name": "49ers",
      "team_location": "San Francisco",
      "team_abbreviation": "SF",
      "team_stadium": "Levi's Stadium"
    },
    {
      "team_id": 29,
      "team_name": "Seahawks",
      "team_location": "Seattle",
      "team_abbreviation": "SEA",
      "team_stadium": "Lumen Field"
    },
    {
      "team_id": 30,
      "team_name": "Buccaneers",
      "team_location": "Tampa Bay",
      "team_abbreviation": "TB",
      "team_stadium": "Raymond James Stadium"
    },
    {
      "team_id": 31,
      "team_name": "Titans",
      "team_location": "Tennessee",
      "team_abbreviation": "TEN",
      "team_stadium": "Nissan Stadium"
    },
    {
      "team_id": 32,
      "team_name": "Commanders",
      "team_location": "Washington",
      "team_abbreviation": "WAS",
      "team_stadium": "FedExField"
    }
  ]  