[
    {
      "team_id": 1,
      "team_name": "Arizona Diamondbacks",
      "team_abbreviation": "ARI",
      "team_stadium": "Chase Field"
    },
    {
      "team_id": 2,
      "team_name": "Atlanta Braves",
      "team_abbreviation": "ATL",
      "team_stadium": "Truist Park"
    },
    {
      "team_id": 3,
      "team_name": "Baltimore Orioles",
      "team_abbreviation": "BAL",
      "team_stadium": "Oriole Park at Camden Yards"
    },
    {
      "team_id": 4,
      "team_name": "Boston Red Sox",
      "team_abbreviation": "BOS",
      "team_stadium": "Fenway Park"
    },
    {
      "team_id": 5,
      "team_name": "Chicago White Sox",
      "team_abbreviation": "CWS",
      "team_stadium": "Guaranteed Rate Field"
    },
    {
      "team_id": 6,
      "team_name": "Chicago Cubs",
      "team_abbreviation": "CHC",
      "team_stadium": "Wrigley Field"
    },
    {
      "team_id": 7,
      "team_name": "Cincinnati Reds",
      "team_abbreviation": "CIN",
      "team_stadium": "Great American Ball Park"
    },
    {
      "team_id": 8,
      "team_name": "Cleveland Guardians",
      "team_abbreviation": "CLE",
      "team_stadium": "Progressive Field"
    },
    {
      "team_id": 9,
      "team_name": "Colorado Rockies",
      "team_abbreviation": "COL",
      "team_stadium": "Coors Field"
    },
    {
      "team_id": 10,
      "team_name": "Detroit Tigers",
      "team_abbreviation": "DET",
      "team_stadium": "Comerica Park"
    },
    {
      "team_id": 11,
      "team_name": "Houston Astros",
      "team_abbreviation": "HOU",
      "team_stadium": "Minute Maid Park"
    },
    {
      "team_id": 12,
      "team_name": "Kansas City Royals",
      "team_abbreviation": "KC",
      "team_stadium": "Kauffman Stadium"
    },
    {
      "team_id": 13,
      "team_name": "Los Angeles Angels",
      "team_abbreviation": "LAA",
      "team_stadium": "Angel Stadium"
    },
    {
      "team_id": 14,
      "team_name": "Los Angeles Dodgers",
      "team_abbreviation": "LAD",
      "team_stadium": "Dodger Stadium"
    },
    {
      "team_id": 15,
      "team_name": "Miami Marlins",
      "team_abbreviation": "MIA",
      "team_stadium": "loanDepot park"
    },
    {
      "team_id": 16,
      "team_name": "Milwaukee Brewers",
      "team_abbreviation": "MIL",
      "team_stadium": "American Family Field"
    },
    {
      "team_id": 17,
      "team_name": "Minnesota Twins",
      "team_abbreviation": "MIN",
      "team_stadium": "Target Field"
    },
    {
      "team_id": 18,
      "team_name": "New York Yankees",
      "team_abbreviation": "NYY",
      "team_stadium": "Yankee Stadium"
    },
    {
      "team_id": 19,
      "team_name": "New York Mets",
      "team_abbreviation": "NYM",
      "team_stadium": "Citi Field"
    },
    {
      "team_id": 20,
      "team_name": "Oakland Athletics",
      "team_abbreviation": "OAK",
      "team_stadium": "RingCentral Coliseum"
    },
    {
      "team_id": 21,
      "team_name": "Philadelphia Phillies",
      "team_abbreviation": "PHI",
      "team_stadium": "Citizens Bank Park"
    },
    {
      "team_id": 22,
      "team_name": "Pittsburgh Pirates",
      "team_abbreviation": "PIT",
      "team_stadium": "PNC Park"
    },
    {
      "team_id": 23,
      "team_name": "San Diego Padres",
      "team_abbreviation": "SD",
      "team_stadium": "Petco Park"
    },
    {
      "team_id": 24,
      "team_name": "San Francisco Giants",
      "team_abbreviation": "SF",
      "team_stadium": "Oracle Park"
    },
    {
      "team_id": 25,
      "team_name": "Seattle Mariners",
      "team_abbreviation": "SEA",
      "team_stadium": "T-Mobile Park"
    },
    {
      "team_id": 26,
      "team_name": "St. Louis Cardinals",
      "team_abbreviation": "STL",
      "team_stadium": "Busch Stadium"
    },
    {
      "team_id": 27,
      "team_name": "Tampa Bay Rays",
      "team_abbreviation": "TB",
      "team_stadium": "Tropicana Field"
    },
    {
      "team_id": 28,
      "team_name": "Texas Rangers",
      "team_abbreviation": "TEX",
      "team_stadium": "Globe Life Field"
    },
    {
      "team_id": 29,
      "team_name": "Toronto Blue Jays",
      "team_abbreviation": "TOR",
      "team_stadium": "Rogers Centre"
    },
    {
      "team_id": 30,
      "team_name": "Washington Nationals",
      "team_abbreviation": "WSH",
      "team_stadium": "Nationals Park"
    }
  ]  