[
  {
    "team_id": 1,
    "team_name": "Boston Bruins",
    "team_abbr": "BOS",
    "team_division": "ATLANTIC"
  },
  {
    "team_id": 2,
    "team_name": "Toronto Maple Leafs",
    "team_abbr": "TOR",
    "team_division": "ATLANTIC"
  },
  {
    "team_id": 3,
    "team_name": "Tampa Bay Lightning",
    "team_abbr": "TB",
    "team_division": "ATLANTIC"
  },
  {
    "team_id": 4,
    "team_name": "Florida Panthers",
    "team_abbr": "FLA",
    "team_division": "ATLANTIC"
  },
  {
    "team_id": 5,
    "team_name": "Buffalo Sabres",
    "team_abbr": "BUF",
    "team_division": "ATLANTIC"
  },
  {
    "team_id": 6,
    "team_name": "Ottawa Senators",
    "team_abbr": "OTT",
    "team_division": "ATLANTIC"
  },
  {
    "team_id": 7,
    "team_name": "Detroit Red Wings",
    "team_abbr": "DET",
    "team_division": "ATLANTIC"
  },
  {
    "team_id": 8,
    "team_name": "Montreal Canadiens",
    "team_abbr": "MTL",
    "team_division": "ATLANTIC"
  },
  {
    "team_id": 9,
    "team_name": "Carolina Hurricanes",
    "team_abbr": "CAR",
    "team_division": "METROPOLITAN"
  },
  {
    "team_id": 10,
    "team_name": "New Jersey Devils",
    "team_abbr": "NJ",
    "team_division": "METROPOLITAN"
  },
  {
    "team_id": 11,
    "team_name": "New York Rangers",
    "team_abbr": "NYR",
    "team_division": "METROPOLITAN"
  },
  {
    "team_id": 12,
    "team_name": "New York Islanders",
    "team_abbr": "NYI",
    "team_division": "METROPOLITAN"
  },
  {
    "team_id": 13,
    "team_name": "Pittsburgh Penguins",
    "team_abbr": "PIT",
    "team_division": "METROPOLITAN"
  },
  {
    "team_id": 14,
    "team_name": "Washington Capitals",
    "team_abbr": "WSH",
    "team_division": "METROPOLITAN"
  },
  {
    "team_id": 15,
    "team_name": "Philadelphia Flyers",
    "team_abbr": "PHI",
    "team_division": "METROPOLITAN"
  },
  {
    "team_id": 16,
    "team_name": "Columbus Blue Jackets",
    "team_abbr": "CBJ",
    "team_division": "METROPOLITAN"
  },
  {
    "team_id": 17,
    "team_name": "Colorado Avalanche",
    "team_abbr": "COL",
    "team_division": "CENTRAL"
  },
  {
    "team_id": 18,
    "team_name": "Dallas Stars",
    "team_abbr": "DAL",
    "team_division": "CENTRAL"
  },
  {
    "team_id": 19,
    "team_name": "Minnesota Wild",
    "team_abbr": "MIN",
    "team_division": "CENTRAL"
  },
  {
    "team_id": 20,
    "team_name": "Winnipeg Jets",
    "team_abbr": "WPG",
    "team_division": "CENTRAL"
  },
  {
    "team_id": 21,
    "team_name": "Nashville Predators",
    "team_abbr": "NSH",
    "team_division": "CENTRAL"
  },
  {
    "team_id": 22,
    "team_name": "St. Louis Blues",
    "team_abbr": "STL",
    "team_division": "CENTRAL"
  },
  {
    "team_id": 23,
    "team_name": "Arizona Coyotes",
    "team_abbr": "ARI",
    "team_division": "CENTRAL"
  },
  {
    "team_id": 24,
    "team_name": "Chicago Blackhawks",
    "team_abbr": "CHI",
    "team_division": "CENTRAL"
  },
  {
    "team_id": 25,
    "team_name": "Vegas Golden Knights",
    "team_abbr": "VGK",
    "team_division": "PACIFIC"
  },
  {
    "team_id": 26,
    "team_name": "Edmonton Oilers",
    "team_abbr": "EDM",
    "team_division": "PACIFIC"
  },
  {
    "team_id": 27,
    "team_name": "Los Angeles Kings",
    "team_abbr": "LA",
    "team_division": "PACIFIC"
  },
  {
    "team_id": 28,
    "team_name": "Seattle Kraken",
    "team_abbr": "SEA",
    "team_division": "PACIFIC"
  },
  {
    "team_id": 29,
    "team_name": "Calgary Flames",
    "team_abbr": "CGY",
    "team_division": "PACIFIC"
  },
  {
    "team_id": 30,
    "team_name": "Vancouver Canucks",
    "team_abbr": "VAN",
    "team_division": "PACIFIC"
  },
  {
    "team_id": 31,
    "team_name": "San Jose Sharks",
    "team_abbr": "SJ",
    "team_division": "PACIFIC"
  },
  {
    "team_id": 32,
    "team_name": "Anaheim Ducks",
    "team_abbr": "ANA",
    "team_division": "PACIFIC"
  }
]